Item,Qty,Reference(s),Value,LCSC,MPN,Mfg,Proton C MPN (for reference only),Proton C Mfg (for reference only)
1,1,BZ1,Buzzer_Mallory,C201047,KLJ-1102,KELIKING,AST1109MLTRQ,Mallory
2,5,"C1, C2, C3, C4, C7",cap_100nF_16v_0402,C1525,CL05B104KO5NNNC,Samsung,,
3,1,C6,cap_4.7uF_25v_0805,C1779,CL21A475KAQNNNE,Samsung,,
4,2,"C8, C9",cap_20pF_50v_0402,C1554,0402CG200J500NT,Guangdong Fenghua Advanced Tech,,
5,2,"C10, C11",cap_1uF_10v_0402,C52923,CC0402KRX5R6BB105,Yageo,,
6,1,C12,cap_10uF_10v_0402,C19702,CL10A106KP8NNNC,Samsung,,
7,1,D1,B5819W,C8598,B5819W,Changjiang Electronics Tech,,
8,1,D2,1N4148,C68948,1N4148X-TP,Micro Commercial Components,,
9,1,D3,SMD-LED-WHITE_0402_,C74342,16-219A/T2D-AR2T1QY/3T,Everlight Elec,,
10,1,F1,SMD-PPTC-500MA_0805_,C66452,SMD0805-050,TECHFUSE,,
11,1,FB1,fb_0402_26ohm,C668229,CBG100505U260T,FH,,
14,1,J3,TYPE-C-31-M12_13,C165948,TYPE-C-31-M-12,Korean Hroparts Elec,105450-0101,Molex
18,1,K1,SMD-SWITCH-TACTILE-SPST-NO_2P-2.5MMx3.0MM_,C231329,B3U-1000P,Omron,TBE-Q-T/R,Diptronics
20,1,Q1, MUN5311DW1T1G,C152542,MUN5311DW1T1G,ON Semiconductor,MUN5332DW1T1G,ON Semiconductor
21,1,R1,r_100k_0402_1p,C25741,0402WGF1003TCE,Uniroyal,,
22,2,"R2, R3",r_5.1k_0402_1p,C25905,0402WGF5101TCE,Uniroyal,,
23,1,R4,r_75_0402_1p,C25133,0402WGF750JTCE,Uniroyal,,
25,1,U1,AAP2967-33VIR1,C370742,AAP2967-33VIR1,Eutech Microelectronics,MIC5504-3.3YM5,Microchip
26,1,U2,NUF2221W1T2G,C274624,NUF2221W1T2G,ON Semiconductor,NUF2221W1T2G,ON Semiconductor
27,1,U3,STM32F303CCT6,C81523,STM32F303CCT6,STMicroelectronics,STM32F303CCT6,STMicroelectronics
28,1,U4,SN74LV1T34DCKR,C78541,SN74LV1T34DCKR,Texas Instruments,SN74LV1T34DCKR,Texas Instruments
29,1,Y1,SMD-CRYSTAL-8MHZ-20PF-10PPM_2P-5.0X3.2MM_,C115962,X50328MSB2GI,Yangxing Tech,ABM3B-8.000MHZ-10-1-U-T,Abracon